Código,Codel old,Descripción,Unidad de Medida,Cuenta contable,Estado
30001,,BOTAS DE GOMA; ACCESORIO CON FORRO AFELPADO; COLOR NEGRO; NUMERO 40; USO INDUSTRIAL; PUNTERA METALICA; CAÑA ALTA,PAR,CALZADOS,ACTIVO
30002,,CESTO PARA PAPELES; CIRCULAR; MATERIAL CUERPO METALICO; MEDIDA DIAMETRO 25 cm; SIN TAPA,PIEZA,UTILES DE ESCRITORIO Y OFICINA,ACTIVO
30003,,BARBIJO; MATERIAL PLASTICO; TIPO CONICO DESCARTABLE,PIEZA,PRODUCTOS DE MINERALES NO METALICOS Y PLASTICOS,ACTIVO
30004,,SOBRE DE PAPEL; BLANCO; 100 grs.; TAMAÑO CARTA; TIPO DE PAPEL BOND,PIEZA,PAPEL,ACTIVO
30005,,PAPEL PARA FAX; ANCHO 216 MM X 30 M; LONGITUD ROLLO 30 m,PIEZA,PAPEL,ACTIVO
30006,,CERA PARA PISOS DE MADERA; ENVASE SACHET; CONTENIDO 1 ltrs.; ESTADO CREMOSA,PIEZA,MATERIAL DE LIMPIEZA E HIGENE,ACTIVO
30007,,LLANTA PARA AUTOMOTOR; MEDIDAS 265/70R16; 10PR; TODO TERRENO,PIEZA,LLANTAS Y NEUMATICOS,ACTIVO
30008,,LAVANDINA; ENVASE BIDON; CONTENIDO 5 ltr,PIEZA,MATERIAL DE LIMPIEZA E HIGENE,ACTIVO
30009,,BOLSA DE RESIDUOS; COLOR OBSCURO; DIMENSION 60 X 90 cms.; ESPESOR 60 micrón; PRESENTACION PAQUETE X 10 UNIDADES,PAQUETE,MATERIAL DE LIMPIEZA E HIGENE,ACTIVO
30010,,BOLSA DE RESIDUOS; COLOR OBSCURO; DIMENSION 50 X 85 cms.; ESPESOR 60 micrón; PRESENTACION PAQUETE X 10 UNIDADES,PAQUETE,MATERIAL DE LIMPIEZA E HIGENE,ACTIVO
30011,,BOLSA DE RESIDUOS; COLOR TRANSPARENTE; DIMENSION 45 X 60 cms.; ESPESOR 20 micrón; PRESENTACION PAQUETE X 50 UNIDADES,PAQUETE,MATERIAL DE LIMPIEZA E HIGENE,ACTIVO
30012,,CLIPS PARA PAPELES; MATERIAL METAL; NUMERO 4; PRESENTACION CAJA DE 100 unidad,CAJA,UTILES DE ESCRITORIO Y OFICINA,ACTIVO
30013,,CLIPS PARA PAPELES; MATERIAL ENCOBRADO; NUMERO 50 mm; PRESENTACION CAJA DE 100 unidad,CAJA,UTILES DE ESCRITORIO Y OFICINA,ACTIVO
30014,,CLIPS PARA PAPELES; MATERIAL ENCOBRADO; NUMERO 77 mm; PRESENTACION CAJA DE 100 unidad,CAJA,UTILES DE ESCRITORIO Y OFICINA,ACTIVO
30015,,BORRADOR; TIPO MIGA DE PAN; USO LAPIZ; PRESENTACION 1 pza,PIEZA,UTILES DE ESCRITORIO Y OFICINA,ACTIVO
30016,,BORRADOR; TIPO DOS COLORES; USO TINTA/LAPIZ; PRESENTACION 1 pza,PIEZA,UTILES DE ESCRITORIO Y OFICINA,ACTIVO
30017,,TUBO DE MINAS; DIAMETRO 0.5 mm; NUMERO 2H,PIEZA,UTILES DE ESCRITORIO Y OFICINA,ACTIVO
30018,,TUBO DE MINAS; DIAMETRO 0.5 mm; NUMERO HB,PIEZA,UTILES DE ESCRITORIO Y OFICINA,ACTIVO
30019,,TUBO DE MINAS; DIAMETRO 0.7 mm; NUMERO HB,PIEZA,UTILES DE ESCRITORIO Y OFICINA,ACTIVO
30020,,REGLA GRADUADA; LONGITUD 30 cms.; MATERIAL ACRILICO; TIPO PLANA,PIEZA,UTILES DE ESCRITORIO Y OFICINA,ACTIVO
30021,,REGLA GRADUADA; LONGITUD 50 cm; MATERIAL PLASTICO; TIPO PLANA,PIEZA,UTILES DE ESCRITORIO Y OFICINA,ACTIVO
30022,,REGLA GRADUADA; LONGITUD 30 cm; MATERIAL METAL; TIPO PLANA,PIEZA,UTILES DE ESCRITORIO Y OFICINA,ACTIVO
30023,,ETIQUETA AUTOADHESIVA; TIPO PERMANENTE; MEDIDA 26X16X100 MM; COLOR BLANCO; PRESENTACION ROLLO,ROLLO,UTILES DE ESCRITORIO Y OFICINA,ACTIVO
30024,,TABLERO DE CAMPO; MATERIAL PLASTICO; TAMAÑO OFICIO,PIEZA,UTILES DE ESCRITORIO Y OFICINA,ACTIVO
30025,,DISKETTE PARA DATOS; CAPACIDAD 1.44 MB; TIPO 2HD; TAMAÑO 3.5 pgs.; PRESENTACION 10 X Caja,PIEZA,UTILES DE ESCRITORIO Y OFICINA,ACTIVO
30026,,TRAPO DE PISO; COLOR GRIS; DIMENSION 60 X 60 cm,PIEZA,MATERIAL DE LIMPIEZA E HIGENE,ACTIVO
30027,,TRAPO DE PISO; COLOR BLANCO; DIMENSION 50 X 60 cm,PIEZA,MATERIAL DE LIMPIEZA E HIGENE,ACTIVO
30028,,FRANELA PARA LIMPIEZA; PRESENTACION POR PIEZA; MEDIDAS 0.50 X 0.50 mts.,PIEZA,MATERIAL DE LIMPIEZA E HIGENE,ACTIVO
30029,,GUANTES PARA LIMPIEZA; MATERIAL LATEX; TAMAÑO MEDIANO,PAR,MATERIAL DE LIMPIEZA E HIGENE,ACTIVO
30030,,ESCOBILLON; ANCHO 0.45 mts.; MATERIAL CERDA; N° DE HILERAS 5,PIEZA,MATERIAL DE LIMPIEZA E HIGENE,ACTIVO
30031,,PORTA ROLLO PARA CINTA ADHESIVA; MATERIAL METAL; ROLLO CHICO,PIEZA,UTILES DE ESCRITORIO Y OFICINA,ACTIVO
30032,,LAPIZ; COLOR NEGRO; NUMERO HB; ADITAMENTO CON BORRADOR,PIEZA,UTILES DE ESCRITORIO Y OFICINA,ACTIVO
30033,,LAPIZ; COLOR ROJO; NUMERO COPIATIVO; ADITAMENTO NO TIENE,PIEZA,UTILES DE ESCRITORIO Y OFICINA,ACTIVO
30034,,LAPIZ; COLOR AZUL; NUMERO N/A; ADITAMENTO NO TIENE,PIEZA,UTILES DE ESCRITORIO Y OFICINA,ACTIVO
30035,,LAPIZ; COLOR VERDE; NUMERO N/A; ADITAMENTO NO TIENE,PIEZA,UTILES DE ESCRITORIO Y OFICINA,ACTIVO
30036,,PORTA LAPICES; MATERIAL METALICO,PIEZA,UTILES DE ESCRITORIO Y OFICINA,ACTIVO
30037,,BATERIA PARA VEHICULO; TENSION 12 Volt; AMPERAJE 70 Amp,PIEZA,OTROS REPUESTOS Y ACCESORIOS,ACTIVO
30038,,BLOCK DE PAPEL; FORMATO CARTA; N° HOJAS 80; TIPO SABANA RAYADO; TIPO DE ENCUADERNACION ENGOMADO; PRESENTACION PIEZA,BLOCK,PAPEL,ACTIVO
30039,,PAD MOUSE; LARGO X ANCHO 20 X 15 cms.,PIEZA,UTILES DE ESCRITORIO Y OFICINA,ACTIVO
30040,,PAÑUELO DE PAPEL; CONTENIDO 10 Hojas; ENVASE BOLSA PLASTICA; HOJA TRIPLE; ANCHO X LARGO 22 X 22 cms.; AROMA MENTOLADO,PAQUETE,MATERIAL DE LIMPIEZA E HIGENE,ACTIVO
30041,,LIMPIADORES MULTIUSOS; TIPO MULTIUSO; CONTENIDO 1 ltrs.; ENVASE FRASCO CON GATILLO,FRASCO,MATERIAL DE LIMPIEZA E HIGENE,ACTIVO
30042,,CONDUCTOR UNIPOLAR; AISLACION PVC; CLASE VN 2000; CORRIENTE ADMISIBLE 12 Amp; DIAM EXT 2.5 mms.; MATERIAL COBRE; PRESENTACION ROLLO DE 50 mts.; SECCI,PIEZA,UTILES Y MATERIALES ELECTRICOS,ACTIVO
30043,,CONDUCTOR UNIPOLAR; AISLACION PVC; CLASE VN 2000; CORRIENTE ADMISIBLE 25 Amp; DIAM EXT 3.5; MATERIAL COBRE; PRESENTACION ROLOO DE 25 mts.; SECCION NO,PIEZA,UTILES Y MATERIALES ELECTRICOS,ACTIVO
30044,,CONDUCTOR UNIPOLAR; AISLACION PVC ESPECIAL-ANTILLAMA; CLASE 2; CORRIENTE ADMISIBLE 24 Amp; DIAM EXT 2.9 mms.; MATERIAL COBRE; PRESENTACION ROLLO X 10,PIEZA,UTILES Y MATERIALES ELECTRICOS,ACTIVO
30045,,CONDUCTOR UNIPOLAR; AISLACION PVC ESPECIAL-ANTILLAMA; CLASE 2; CORRIENTE ADMISIBLE 32 Amp; DIAM EXT 3.8 mms.; MATERIAL COBRE; PRESENTACION ROLLO X 10,PIEZA,UTILES Y MATERIALES ELECTRICOS,ACTIVO
30046,,PILA SECA; MEDIDA AA; TENSION 1.5 Volts.; TIPO ALCALINA,PIEZA,UTILES Y MATERIALES ELECTRICOS,ACTIVO
30047,,PILA SECA; MEDIDA AAA; TENSION 1.5 Volt; TIPO ALCALINA,PIEZA,UTILES Y MATERIALES ELECTRICOS,ACTIVO
30048,,PILA SECA; MEDIDA C; TENSION 1.5 Volt; TIPO ALCALINA,PIEZA,UTILES Y MATERIALES ELECTRICOS,ACTIVO
30049,,PILA SECA; MEDIDA D; TENSION 1.5 Volt; TIPO ALCALINA,PIEZA,UTILES Y MATERIALES ELECTRICOS,ACTIVO
30050,,"LINTERNA; ACCESORIO ENCHUFE SUPER PLANO; TIPO RECARGABLE DE BOLSILLO; PILA TIPO AA; CANT DE PILAS 4; LUZ HALOGENA; POTENCIA LAMPARA 2,0 Vatios; FUNCI",PIEZA,UTILES Y MATERIALES ELECTRICOS,ACTIVO
30051,,RESALTADOR; PUNTA CUADRADA; TRAZO DELGADO; COLOR CELESTE,PIEZA,UTILES DE ESCRITORIO Y OFICINA,ACTIVO
30052,,RESALTADOR; PUNTA CUADRADA; TRAZO CUADRADO; COLOR NARANJA,PIEZA,UTILES DE ESCRITORIO Y OFICINA,ACTIVO
30053,, PORTA CLIPS MAGNETICO; MATERIAL ACRILICO; FORMA RECTANGULAR; MEDIDAS 7 X 4 X 4 cm,PIEZA,UTILES DE ESCRITORIO Y OFICINA,ACTIVO
30054,,LIBRO DE ACTAS; CANT DE HOJAS 200; TAMAÑO OFICIO; NUMERADO CADA PAGINA; TIPO DE HOJA RAYADA C/MARGEN,PIEZA,UTILES DE ESCRITORIO Y OFICINA,ACTIVO
30055,,DISCO COMPACTO; CAPACIDAD 700 MB; TIPO VIRGEN,PIEZA,UTILES DE ESCRITORIO Y OFICINA,ACTIVO
30056,,PLUMAFUENTE; MATERIAL PLASTICO; NUMERO 17F-F,PIEZA,UTILES DE ESCRITORIO Y OFICINA,ACTIVO
30057,,SUJETA PAPELES; TAMAÑO 1/2 Plg.; TIPO METALICO,CAJA,UTILES DE ESCRITORIO Y OFICINA,ACTIVO
30058,,SHAMPOO; CAPACIDAD 1 ltrs.; PRESENTACION FRASCO; USO PARA AUTO,FRASCO,MATERIAL DE LIMPIEZA E HIGENE,ACTIVO
30059,,RECOLECTOR DE BASURA; MATERIAL PLASTICO; ACCESORIO CEPILLO PALETA,PIEZA,MATERIAL DE LIMPIEZA E HIGENE,ACTIVO
30060,,PEGAMENTO EN BARRA; ENVASE TUBO PLASTICO; CONTENIDO 40 gr,PIEZA,UTILES DE ESCRITORIO Y OFICINA,ACTIVO
30061,,ESTILETE; TAMAÑO GRANDE,PIEZA,UTILES DE ESCRITORIO Y OFICINA,ACTIVO
30062,,ESTILETE; TAMAÑO MEDIANO,PIEZA,UTILES DE ESCRITORIO Y OFICINA,ACTIVO
30063,,PAPEL BOND; TAMAÑO CARTA; GRAMAJE 75 grs.; COLOR BLANCO; PRESENTACION PAQUETE X 500 Hojas,PAQUETE,PAPEL,ACTIVO
30064,,PAPEL BOND; TAMAÑO OFICIO; GRAMAJE 75 grs.; COLOR BLANCO; PRESENTACION PAQUETE DE 500 Hojas,PAQUETE,PAPEL,ACTIVO
30065,,PORTAMINAS; MATERIAL METAL; DIAMETRO MINA 0.5 mms.; COLOR PORTAMINAS GRIS,PIEZA,UTILES DE ESCRITORIO Y OFICINA,ACTIVO
30066,,PORTAMINAS; MATERIAL METAL; DIAMETRO MINA 0.7 mm; COLOR PORTAMINAS NEGRO,PIEZA,UTILES DE ESCRITORIO Y OFICINA,ACTIVO
30067,,GRAPAS; NUMERO 23/17; MATERIAL METALICO; PRESENTACION 1.000 X Caja,CAJA,UTILES DE ESCRITORIO Y OFICINA,ACTIVO
30068,,GRAPAS; NUMERO 23/13; MATERIAL METALICO; PRESENTACION 1.000 X Caja,CAJA,UTILES DE ESCRITORIO Y OFICINA,ACTIVO
30069,,GRAPAS; NUMERO 23/15; MATERIAL METALICO; PRESENTACION 1.000 X Caja,CAJA,UTILES DE ESCRITORIO Y OFICINA,ACTIVO
30070,,ESPONJA; MATERIAL POLIETILENO; ADITAMENTO POLIESTER; MEDIDAS 15 X 10 cm,PIEZA,MATERIAL DE LIMPIEZA E HIGENE,ACTIVO
30071,,AMBIENTADOR SOLIDO; ENVASE CARTON PERFUMADO; CONTENIDO SIN ESPECIFICACION; FRAGANCIA SURTIDO,PIEZA,MATERIAL DE LIMPIEZA E HIGENE,ACTIVO
30072,,MARCADOR PARA PIZARRA ACRILICA; COLOR AZUL; PUNTA REDONDA 13 mm,PIEZA,UTILES DE ESCRITORIO Y OFICINA,ACTIVO
30073,,MARCADOR PARA PIZARRA ACRILICA; COLOR NEGRO; PUNTA REDONDA 13 mm,PIEZA,UTILES DE ESCRITORIO Y OFICINA,ACTIVO
30074,,MARCADOR PARA PIZARRA ACRILICA; COLOR ROJO; PUNTA REDONDA 13 mm,PIEZA,UTILES DE ESCRITORIO Y OFICINA,ACTIVO
30075,,ENGRAPADORA; CAPACIDAD 120 HOJAS; TAMAÑO GRAPAS 23/17,PIEZA,UTILES DE ESCRITORIO Y OFICINA,ACTIVO
30076,,PERFORADORA; ALTO 30 HOJAS; NRO. DE PERFORACIONES 2,PIEZA,UTILES DE ESCRITORIO Y OFICINA,ACTIVO
30077,,PERFORADORA; ALTO 80 HOJAS; NRO. DE PERFORACIONES 2,PIEZA,UTILES DE ESCRITORIO Y OFICINA,ACTIVO
30078,,FOLDERS; MATERIAL FLIP ESPECIAL; TAMAÑO OFICIO; COLOR SURTIDO,PIEZA,UTILES DE ESCRITORIO Y OFICINA,ACTIVO
30079,,FOLDERS; MATERIAL FLIP ESPECIAL; TAMAÑO CARTA; COLOR SURTIDO,PIEZA,UTILES DE ESCRITORIO Y OFICINA,ACTIVO
30080,,SACAGRAPAS; MATERIAL AGARRADORES GOMA ENDURECIDA,PIEZA,UTILES DE ESCRITORIO Y OFICINA,ACTIVO
30081,,ARANDELAS ADHESIVAS; MATERIAL PAPEL; PRESENTACION 350 X Caja,CAJA,UTILES DE ESCRITORIO Y OFICINA,ACTIVO
30082,,TAJADOR; MATERIAL METALICO; NUMERO DE CUCHILLAS 1,PIEZA,UTILES DE ESCRITORIO Y OFICINA,ACTIVO
30083,,TONER PARA IMPRESORA; SERIE C7115A; MODELO DE IMPRESORA HP LASERJET 1200 SERIES; COLOR TINTA NEGRO,PIEZA,UTILES DE ESCRITORIO Y OFICINA,ACTIVO
30084,,"TAMPO PARA SELLOS CON TINTA; MATERIAL PLASTICO; MEDIDAS 12,5 X 8,5 CM; COLOR DE TINTA AZUL ",PIEZA,UTILES DE ESCRITORIO Y OFICINA,ACTIVO
30085,,TAJADOR DE ESCRITORIO MANUAL; MATERIAL METALICO; ANCHO DE LAPIZ MULTIPLES MEDIDAS,PIEZA,UTILES DE ESCRITORIO Y OFICINA,ACTIVO
30086,,CORRECTOR PARA ESCRITURA EN CINTA; MEDIDAS 5 MM. X 8 MTS,PIEZA,UTILES DE ESCRITORIO Y OFICINA,ACTIVO
30087,,BOLIGRAFO; TIPO DESECHABLE; MATERIAL BASE PLASTICO; TRAZO FINO; COLOR DE TINTA AZUL,PIEZA,UTILES DE ESCRITORIO Y OFICINA,ACTIVO
30088,,BOLIGRAFO; TIPO DESECHABLE; MATERIAL BASE PLASTICO; TRAZO FINO; COLOR DE TINTA NEGRO,PIEZA,UTILES DE ESCRITORIO Y OFICINA,ACTIVO
30089,,BOLIGRAFO; TIPO DESECHABLE; MATERIAL BASE PLASTICO; TRAZO FINO; COLOR DE TINTA VERDE,PIEZA,UTILES DE ESCRITORIO Y OFICINA,ACTIVO
30090,,BOLIGRAFO; TIPO CON REPUESTO; MATERIAL BASE METALICO; TRAZO MEDIO; COLOR DE TINTA AZUL,PIEZA,UTILES DE ESCRITORIO Y OFICINA,ACTIVO
30091,,CEPILLO DE MANO; USO ROPA; MATERIAL BASE PLASTICO; TIPO DE CERDA PLASTICA,PIEZA,MATERIAL DE LIMPIEZA E HIGENE,ACTIVO
30092,,TAPETE DE PISO; MATERIAL GOMA; MEDIDA 0.50 X 0.74 mts.,PIEZA,MATERIAL DE LIMPIEZA E HIGENE,ACTIVO
30093,,PAPEL BOND; TAMAÑO CARTA; GRAMAJE 75 GRS; COLOR CELESTE; PRESENTACION PAQUETE DE 500 HOJAS,PAQUETE,PAPEL,ACTIVO
30094,,RESALTADOR; PUNTA CUADRADA; TRAZO CUADRADO; COLOR AMARILLO,PIEZA,UTILES DE ESCRITORIO Y OFICINA,ACTIVO
30095,,RESALTADOR; PUNTA CUADRADA; TRAZO CUADRADO; COLOR VERDE,PIEZA,UTILES DE ESCRITORIO Y OFICINA,ACTIVO
30096,,RESALTADOR; PUNTA CUADRADA; TRAZO CUADRADO; COLOR ROSADO,PIEZA,UTILES DE ESCRITORIO Y OFICINA,ACTIVO
30097,,TIJERAS PARA CORTAR PAPEL; DE ESCRITORIO; TAMAÑO MEDIO,PIEZA,UTILES DE ESCRITORIO Y OFICINA,ACTIVO
30098,,ZOCALO PARA TUBO FLUORESCENTE; TIPO AEREO,PAR,UTILES Y MATERIALES ELECTRICOS,ACTIVO
30099,,TONER PARA FOTOCOPIADORA; MODELO DE FOTOCOPIADORA XEROX 1025/1038; COLOR NEGRO; NUMERO DE SERIE 6R121,PIEZA,UTILES DE ESCRITORIO Y OFICINA,ACTIVO
30100,,CONECTOR RJ-11; PRESENTACION UNIDAD,PIEZA,UTILES Y MATERIALES ELECTRICOS,ACTIVO
30101,,ACCESORIO PARA COMPUTADOR; TIPO MOUSE,PIEZA,OTROS REPUESTOS Y ACCESORIOS,ACTIVO
30102,,FOLDERS; MATERIAL CARTULINA; TAMAÑO OFICIO; COLOR AMARILLO,PIEZA,UTILES DE ESCRITORIO Y OFICINA,ACTIVO
30103,,FUNDA PARA HOJAS; TAMAÑO OFICIO; COLOR TRANSPARENTE; PERFORACIONES 11; MATERIAL PLASTICO; PRESENTACION POR UNIDAD,PIEZA,UTILES DE ESCRITORIO Y OFICINA,ACTIVO
30104,,CUADERNO EMPASTADO; TAPA CARTON; TIPO DE HOJA CUADRICULA NORMAL; TAMAÑO OFICIO; PRESENTACION 100 Hojas,PIEZA,UTILES DE ESCRITORIO Y OFICINA,ACTIVO
30105,,CUADERNO EMPASTADO; TAPA CARTON; TIPO DE HOJA CUADRICULA NORMAL; TAMAÑO MEDIO OFICIO; PRESENTACION 100 Hojas,PIEZA,UTILES DE ESCRITORIO Y OFICINA,ACTIVO
30106,,CUADERNO CON ESPIRAL; TAPA CARTON GRUESO; TIPO DE HOJA CUADRICULADA; TAMAÑO MEDIO OFICIO; PRESENTACION 100 Hojas,PIEZA,UTILES DE ESCRITORIO Y OFICINA,ACTIVO
30107,,FOLDERS; MATERIAL CARTULINA; TAMAÑO CARTA; COLOR AMARILLO,PIEZA,UTILES DE ESCRITORIO Y OFICINA,ACTIVO
30108,,CUADERNO CON ESPIRAL; TAPA CARTON; TIPO DE HOJA CUADRICULADA; TAMAÑO CARTA; PRESENTACION 100 Hojas,PIEZA,UTILES DE ESCRITORIO Y OFICINA,ACTIVO
30109,,PRODUCTO DE ARTES GRAFICAS; TIPO DE PRODUCTO FOLDERS IMPRESOS; MEMBRETADO INSTITUCIONAL; TAMAÑO OFICIO FULL COLOR,PIEZA,PRODUCTOS DE ARTES GRÁFICAS,ACTIVO
30110,,"PRODUCTO DE ARTES GRAFICAS; TIPO DE PRODUCTO FOLDERS IMPRESOS; COLOR AMARILLO, TAMAÑO CARTA",PIEZA,PRODUCTOS DE ARTES GRÁFICAS,ACTIVO
30111,,PAPEL BOND; TAMAÑO CARTA; GRAMAJE 75 grs.; COLOR VERDE; PRESENTACION PAQUETE DE 500 HOJAS,PAQUETE,PAPEL,ACTIVO
30112,,FOLDERS; MATERIAL PLASTICO TAPA TRANSPARENTE; TAMAÑO OFICIO CON FASTENER; COLOR SURTIDO,PIEZA,UTILES DE ESCRITORIO Y OFICINA,ACTIVO
30113,,MARCADOR PARA PIZARRA ACRILICA; PUNTA REDONDA 13 mms.; COLOR VERDE,PIEZA,UTILES DE ESCRITORIO Y OFICINA,ACTIVO
30114,,SELLO; TIPO PRINTY; NUMERO 4911; LINEAL PIE DE FIRMA,PIEZA,UTILES DE ESCRITORIO Y OFICINA,ACTIVO
30115,,PAPEL BOND; TAMAÑO CARTA; GRAMAJE 75 grs.; COLOR SURTIDO; PRESENTACION PAQUETE X 100 Hojas,PAQUETE,PAPEL,ACTIVO
30116,,CINTA AISLANTE; ANCHO 18 mms.; COLOR BLANCO; LONGITUD 20 mts.; MATERIAL PVC,PIEZA,UTILES Y MATERIALES ELECTRICOS,ACTIVO
30117,,ARCHIVADOR DE PALANCA; MATERIAL CARTON; TAMAÑO OFICIO; LOMO MEDIO PLASTIFICADO,PIEZA,UTILES DE ESCRITORIO Y OFICINA,ACTIVO
30118,,TAMPO PARA SELLOS; MATERIAL PLASTICO; MEDIDA SELLO AUTOMATICO Nº 4911,PIEZA,UTILES DE ESCRITORIO Y OFICINA,ACTIVO
30119,,LENTES DE PROTECCION; MATERIAL POLICARBONATO OSCURO; TIPO ANTIEMPAÑANTE DE SEGURIDAD,PIEZA,PRENDAS DE VESTIR,ACTIVO
30120,,LIMPIA METALES; CONTENIDO 170 grs.; ENVASE SPRAY; USO TODO METAL,PIEZA,MATERIAL DE LIMPIEZA E HIGENE,ACTIVO
30121,,MARCADOR; PUNTA CINCELADO; TRAZO GRUESO; COLOR NEGRO,PIEZA,UTILES DE ESCRITORIO Y OFICINA,ACTIVO
30122,,MARCADOR; PUNTA CINCELADO; TRAZO GRUESO; COLOR ROJO,PIEZA,UTILES DE ESCRITORIO Y OFICINA,ACTIVO
30123,,PERFORADORA; ALTO 200; NRO. DE PERFORACIONES 2,PIEZA,UTILES DE ESCRITORIO Y OFICINA,ACTIVO
30124,,PORTA REVISTAS; MATERIAL PLASTICO; CAPACIDAD 15; TIPO DE PIE,PIEZA,UTILES DE ESCRITORIO Y OFICINA,ACTIVO
30125,,TUBO DE MINAS; DIAMETRO 0.5 mms.; NUMERO HB COLOR ROJO,PIEZA,UTILES DE ESCRITORIO Y OFICINA,ACTIVO
30126,,TAMPO PARA SELLOS CON TINTA; MATERIAL PLASTICO; REPUESTO PARA TRODAT MODELO PRINTY 4911; MEDIDAS 2 X 4 cms.; COLOR DE TINTA NEGRA,PIEZA,UTILES DE ESCRITORIO Y OFICINA,ACTIVO
30127,,TAPAS PLASTICAS PARA ANILLADO; PRESENTACION TAMAÑO OFICIO; COLOR SURTIDO; ESPESOR MEDIO,PIEZA,UTILES DE ESCRITORIO Y OFICINA,ACTIVO
30128,,MICROPUNTA; PUNTA 0.5; COLOR TINTA AZUL; PRESENTACION X UNIDAD,PIEZA,UTILES DE ESCRITORIO Y OFICINA,ACTIVO
30129,,CARTUCHO PARA IMPRESORA; MODELO DE IMPRESORA EPSON WORKFORCE PRO WF-579R T01C1; STYLUS C80 ; COLOR NEGRO,PIEZA,UTILES DE ESCRITORIO Y OFICINA,ACTIVO
30130,,CARTUCHO PARA IMPRESORA; MODELO DE IMPRESORA EPSON WORKFORCE PRO WF-579R T02C2; STYLUS C80 ; COLOR CYAN,PIEZA,UTILES DE ESCRITORIO Y OFICINA,ACTIVO
30131,,CARTUCHO PARA IMPRESORA; MODELO DE IMPRESORA EPSON WORKFORCE PRO WF-579R T03C3; STYLUS C80 ; COLOR MAGENTA,PIEZA,UTILES DE ESCRITORIO Y OFICINA,ACTIVO
30132,,CARTUCHO PARA IMPRESORA; MODELO DE IMPRESORA EPSON WORKFORCE PRO WF-579R T04C4; STYLUS C80 ; COLOR AMARILLO,PIEZA,UTILES DE ESCRITORIO Y OFICINA,ACTIVO
30133,,CERA PARA AUTOMOTOR; ENVASE LATA; CONTENIDO 200 grs.,PIEZA,MATERIAL DE LIMPIEZA E HIGENE,ACTIVO
30134,,CARTAPACIO; MATERIAL PLASTICO; TAMAÑO CARTA; N° DE PERFORACIONES 2,PIEZA,UTILES DE ESCRITORIO Y OFICINA,ACTIVO
30135,,DISCO COMPACTO; CAPACIDAD 700 MB; TIPO VIRGEN EN TAMBOR DE 50 UNIDADES,PIEZA,UTILES DE ESCRITORIO Y OFICINA,ACTIVO
30136,,PILA SECA MEDIDA CR 123A; TENSION 2 VOLTS; TIPO LITHIUM FOTO,PIEZA,UTILES Y MATERIALES ELECTRICOS,ACTIVO
30137,,SODA CAUSTICA; PRESENTACION POR KILO,FRASCO,PRODUCTOS QUIMICOS Y FARMACEUTICOS,ACTIVO
30138,,CABLE PLANO PARA TELEFONIA; NUMERO DE CONDUCTORES 2; PRESENTACION POR METRO,METRO,UTILES Y MATERIALES ELECTRICOS,ACTIVO
30139,,FUNDA PARA HOJAS; TAMAÑO CARTA; COLOR TRANSPARENTE; PRESENTACION POR UNIDAD; PERFORACIONES 11; MATERIAL PLASTICO,PIEZA,UTILES DE ESCRITORIO Y OFICINA,ACTIVO
30140,,SUJETA PAPELES; TAMAÑO 51 mms.; TIPO BULLDOG,CAJA,UTILES DE ESCRITORIO Y OFICINA,ACTIVO
30141,,SUJETA PAPELES; TAMAÑO 25 mms.; TIPO BULLDOG,CAJA,UTILES DE ESCRITORIO Y OFICINA,ACTIVO
30142,,SUJETA PAPELES; TAMAÑO 41 mms.; TIPO BULLDOG,CAJA,UTILES DE ESCRITORIO Y OFICINA,ACTIVO
30143,,SUJETA PAPELES; TAMAÑO 32 mms.; TIPO BULLDOG,CAJA,UTILES DE ESCRITORIO Y OFICINA,ACTIVO
30144,,BOLIGRAFO; TIPO DURABLE; MATERIAL BASE PLASTICO; TRAZO FINO PUNTA METAL; COLOR DE TINTA ROJO,PIEZA,UTILES DE ESCRITORIO Y OFICINA,ACTIVO
30145,,TONER PARA IMPRESORA; MODELO DE IMPRESORA HP LASER JET 1100; COLOR TINTA NEGRO; SERIE C4092A,PIEZA,UTILES DE ESCRITORIO Y OFICINA,ACTIVO
30146,,CARTUCHO PARA IMPRESORA; MODELO DE IMPRESORA EPSON WORKFORCE PRO WF-5710 R04L; STYLUS C80 ; COLOR NEGRO,PIEZA,UTILES DE ESCRITORIO Y OFICINA,ACTIVO
30147,,CARTUCHO PARA IMPRESORA; MODELO DE IMPRESORA EPSON WORKFORCE PRO WF-5710 R04L; STYLUS C80 ; COLOR CYAN,PIEZA,UTILES DE ESCRITORIO Y OFICINA,ACTIVO
30148,,CARTUCHO PARA IMPRESORA; MODELO DE IMPRESORA EPSON WORKFORCE PRO WF-5710 R04L; STYLUS C80 ; COLOR MAGENTA,PIEZA,UTILES DE ESCRITORIO Y OFICINA,ACTIVO
30149,,CARTUCHO PARA IMPRESORA; MODELO DE IMPRESORA EPSON WORKFORCE PRO WF-5710 R04L; STYLUS C80 ; COLOR AMARILLO,PIEZA,UTILES DE ESCRITORIO Y OFICINA,ACTIVO
30150,,TARJETA MAGNETICA CON CHIP INTELIGENTE; MATERIAL PLASTICO; CHIP DE 125KHZ,PIEZA,PRODUCTOS DE MINERALES NO METALICOS Y PLASTICOS,ACTIVO
30151,,TAPAS PLASTICAS PARA ANILLADO; PRESENTACION TAMAÑO CARTA; COLOR SURTIDO; ESPESOR MEDIO,PIEZA,UTILES DE ESCRITORIO Y OFICINA,ACTIVO
30152,,TUBO DE MINAS; DIAMETRO 0.5 mms.; NUMERO HB COLOR AZUL,PIEZA,UTILES DE ESCRITORIO Y OFICINA,ACTIVO
30153,,PORTAMINAS; MATERIAL METAL; DIAMETRO MINA 0.5 mms.; COLOR PORTAMINAS A ELECCION,PIEZA,UTILES DE ESCRITORIO Y OFICINA,ACTIVO
30154,,AMBIENTADOR LIQUIDO; FRAGANCIA A ELECCION; ENVASE FRASCO CON ATOMIZADOR; CONTENIDO 500 cms.³,FRASCO,MATERIAL DE LIMPIEZA E HIGENE,ACTIVO
30155,,ARRANCADOR PARA TUBO FLUORESCENTE; TIPO ESTANDAR DE 20 W; CORRIENTE ADMISIBLE 220 Volts.,PIEZA,UTILES Y MATERIALES ELECTRICOS,ACTIVO
30156,,DISCO COMPACTO; CAPACIDAD 6 GB; TIPO DVD VIRGEN,PIEZA,UTILES DE ESCRITORIO Y OFICINA,ACTIVO
30157,,CAJA DE CARTON ESPECIAL PARA ARCHIVO; MEDIDAS 15.5 X 40 X 26.5 cms.; Nº DE CARTON 18,PIEZA,PRODUCTOS DE ARTES GRÁFICAS,ACTIVO
30158,,TONER PARA IMPRESORA; MODELO DE IMPRESORA HP 3500N; COLOR TINTA NEGRO; SERIE Q2670A,PIEZA,UTILES DE ESCRITORIO Y OFICINA,ACTIVO
30159,,TONER PARA IMPRESORA; MODELO DE IMPRESORA HP 3500N; COLOR TINTA CYAN; SERIE Q2671A,PIEZA,UTILES DE ESCRITORIO Y OFICINA,ACTIVO
30160,,TONER PARA IMPRESORA; MODELO DE IMPRESORA HP 3500N; COLOR TINTA AMARILLO; SERIE Q2672A,PIEZA,UTILES DE ESCRITORIO Y OFICINA,ACTIVO
30161,,TONER PARA IMPRESORA; MODELO DE IMPRESORA HP 3500N; COLOR TINTA MAGENTA; SERIE Q2673A,PIEZA,UTILES DE ESCRITORIO Y OFICINA,ACTIVO
30162,,FRANELA PARA LIMPIEZA; MEDIDAS 0.93 X 1 mts.; PRESENTACION POR METRO,PIEZA,MATERIAL DE LIMPIEZA E HIGENE,ACTIVO
30163,,MARCADOR; PUNTA REDONDA; TRAZO DELGADO; COLOR NEGRO,PIEZA,UTILES DE ESCRITORIO Y OFICINA,ACTIVO
30164,,TINTA PARA SELLO DE GOMA; TIPO SIN ACEITE; ENVASE FRASCO; CONTENIDO 28 ml.; COLOR VERDE,FRASCO,UTILES DE ESCRITORIO Y OFICINA,ACTIVO
30165,,TINTA PARA SELLO DE GOMA; TIPO SIN ACEITE; ENVASE FRASCO; CONTENIDO 28 ml.; COLOR ROJO,FRASCO,UTILES DE ESCRITORIO Y OFICINA,ACTIVO
30166,,TINTA PARA SELLO DE GOMA; TIPO SIN ACEITE; ENVASE FRASCO; CONTENIDO 28 ml.; COLOR NEGRO,FRASCO,UTILES DE ESCRITORIO Y OFICINA,ACTIVO
30167,,TINTA PARA SELLO DE GOMA; TIPO SIN ACEITE; ENVASE FRASCO; CONTENIDO 28 ml.; COLOR AZUL,FRASCO,UTILES DE ESCRITORIO Y OFICINA,ACTIVO
30168,,ACCESORIO PARA COMPUTADOR; TIPO              TECLADO,PIEZA,OTROS REPUESTOS Y ACCESORIOS,ACTIVO
30169,,PAPEL BOND; TAMAÑO CARTA; GRAMAJE 75 grs.; COLOR AMARILLO; PRESENTACION PAQUETE X 500 Hojas,PAQUETE,PAPEL,ACTIVO
30170,,TONER PARA IMPRESORA; MODELO DE IMPRESORA HP 1320 N; COLOR TINTA NEGRO; SERIE Q5949A,PIEZA,UTILES DE ESCRITORIO Y OFICINA,ACTIVO
30171,,MARCADOR PARA DISCOS COMPACTOS; COLOR SURTIDO; PUNTA REDONDA; TRAZO FINO,PIEZA,UTILES DE ESCRITORIO Y OFICINA,ACTIVO
30172,,BANDEJA PORTAPAPELES; MATERIAL PLASTICO; TAMAÑO OFICIO; TIPO 3 PIEZAS; COLOR A ELECCION,PIEZA,UTILES DE ESCRITORIO Y OFICINA,ACTIVO
30173,,ALMOHADILLA;  MATERIAL CUERPO PLASTICO; MATERIAL ALMOHADILLA TELA,PIEZA,UTILES DE ESCRITORIO Y OFICINA,ACTIVO
30174,,PORTA CD; CAPACIDAD 1 UNIDAD; MATERIAL PLASTICO; TIPO DELGADA,PIEZA,UTILES DE ESCRITORIO Y OFICINA,ACTIVO
30175,,GRAPAS; MATERIAL METALICO; NUMERO 24/6; PRESENTACION 1000 X CAJA,CAJA,UTILES DE ESCRITORIO Y OFICINA,ACTIVO
30176,,PAPEL FOTOGRAFICO; RESOLUCION PARA IMPRESORA LASER; ESPESOR 170 grs.; TAMAÑO A-4; PRESENTACION POR HOJA,PIEZA,PAPEL,ACTIVO
30177,,TUBO FLUORESCENTE; LONGITUD 60 cms.; COLOR LUZ CALIDA; VOLTAJE 220 Volts.; FORMA RECTA; POTENCIA 20 W,PIEZA,UTILES Y MATERIALES ELECTRICOS,ACTIVO
30178,,TONER PARA IMPRESORA; MODELO DE IMPRESORA HP LASER JET 4250N; COLOR TINTA NEGRO; SERIE Q5942X,PIEZA,UTILES DE ESCRITORIO Y OFICINA,ACTIVO
30179,,SELLO; TIPO FOLIADOR AUTOMATICO; NUMERO 6 DIGITOS,PIEZA,UTILES DE ESCRITORIO Y OFICINA,ACTIVO
30180,,ENCHUFE; TIPO CLAVIJA; AMPERAJE 15 Amp,PIEZA,UTILES Y MATERIALES ELECTRICOS,ACTIVO
30181,,TONER PARA IMPRESORA; MODELO DE IMPRESORA HP LASER JET 2430 DTN; COLOR TINTA NEGRA; SERIE 11AQ6511A,PIEZA,UTILES DE ESCRITORIO Y OFICINA,ACTIVO
30182,,TONER PARA FOTOCOPIADORA; COLOR NEGRO; MODELO DE FOTOCOPIADORA CANON IR-2016; NUMERO DE SERIE GPR-18,PIEZA,UTILES DE ESCRITORIO Y OFICINA,ACTIVO
30183,,PILA RECARGABLE; TIPO 700 MAH; TENSION 1.2 Volts.; MEDIDA AAA,PIEZA,UTILES Y MATERIALES ELECTRICOS,ACTIVO
30184,,REFIL; DESTINO CANON IP-1600; CAPACIDAD 1 LITRO COLOR NEGRO,LITRO,UTILES DE ESCRITORIO Y OFICINA,ACTIVO
30185,,REFIL; DESTINO CANON IP-1600; CAPACIDAD 1 LITRO COLOR ROJO,LITRO,UTILES DE ESCRITORIO Y OFICINA,ACTIVO
30186,,REFIL; DESTINO CANON IP-1600; CAPACIDAD 1 LITRO COLOR AMARILLO,LITRO,UTILES DE ESCRITORIO Y OFICINA,ACTIVO
30187,,REFIL; DESTINO CANON IP-1600; CAPACIDAD 1 LITRO COLOR AZUL,LITRO,UTILES DE ESCRITORIO Y OFICINA,ACTIVO
30188,,CINTA ADHESIVA; ANCHO 5 CMS; LARGO ROLLO 40 MTRS; MATERIAL PAPEL; TIPO MASQUIN,PIEZA,UTILES DE ESCRITORIO Y OFICINA,ACTIVO
30189,,CINTA ADHESIVA; ANCHO 18 mms.; LARGO ROLLO 20 mts.; MATERIAL POLIPROPILENO; TIPO TRANSPARENTE,PIEZA,UTILES DE ESCRITORIO Y OFICINA,ACTIVO
30190,,PAPEL PARA PLOTTER; GRAMAJE 80 grs.; DIMENSION 90 cms.; TIPO BOND; PRESENTACION ROLLO DE 50 mts.,ROLLO,PAPEL,ACTIVO
30191,,TAMPO PARA SELLOS CON TINTA; MATERIAL PLASTICO; MEDIDAS 12.5 X 8.5 cms.; COLOR DE TINTA NEGRO,PIEZA,UTILES DE ESCRITORIO Y OFICINA,ACTIVO
30192,,TAMPO PARA SELLOS; MATERIAL PLASTICO; MEDIDA 10 X 12 cms.,PIEZA,UTILES DE ESCRITORIO Y OFICINA,ACTIVO
30193,,PILA RECARGABLE; TIPO NI-MH 750; TENSION 3 Volts.; MEDIDA AA PAQUETE X 4,PIEZA,UTILES Y MATERIALES ELECTRICOS,ACTIVO
30194,,PESTAÑAS; COLOR SURTIDO; PRESENTACION CAJA DE 10 JUEGOS; MEDIDA 15 X 2 cms.,CAJA,UTILES DE ESCRITORIO Y OFICINA,ACTIVO
30195,,CORTAPICOS; AMPERAJE 10 Amp; NUMERO DE TOMAS 6; VOLTAJE 220 Volts.; TIPO DE ENCHUFE COMPATIBILIDAD TODO LOS  ESTILOS DE ENCHUFE,PIEZA,UTILES Y MATERIALES ELECTRICOS,ACTIVO
30196,,MICROPUNTA; PUNTA 0.7; COLOR TINTA NEGRO; PRESENTACION POR UNIDAD,PIEZA,UTILES DE ESCRITORIO Y OFICINA,ACTIVO
30197,,MICROPUNTA; PUNTA 0.7; COLOR TINTA AZUL; PRESENTACION POR UNIDAD,PIEZA,UTILES DE ESCRITORIO Y OFICINA,ACTIVO
30198,,LAPIZ; COLOR BICOLOR ROJO-AZUL; NUMERO HB; ADITAMENTO SIN,PIEZA,UTILES DE ESCRITORIO Y OFICINA,ACTIVO
30199,,ENGRAPADORA; CAPACIDAD MINIMO 30 HOJAS;  MATERIAL METALICO; TAMAÑO GRAPAS 24/6 -26/6,PIEZA,UTILES DE ESCRITORIO Y OFICINA,ACTIVO
30200,,TACOS POST IT; COLOR SURTIDO; DIMENSION 76 X 76 mms.; PRESENTACION BLOCK X 100 HOJAS,PIEZA,UTILES DE ESCRITORIO Y OFICINA,ACTIVO
30201,,TONER PARA FOTOCOPIADORA; COLOR NEGRO; MODELO DE FOTOCOPIADORA MINOLTA CSPRO 4000; NUMERO DE SERIE EP-470Z/4230/4232/4233/4250,PIEZA,UTILES DE ESCRITORIO Y OFICINA,ACTIVO
30202,,PAPEL MULTICOLOR PARA CUBO; DIMENSION 9 X 9 cms.; PRESENTACION PAQUETE X 500 HOJAS,BLOCK,PAPEL,ACTIVO
30203,,ETIQUETA AUTOADHESIVA; TIPO PARA CD; MEDIDA ESTANDAR 2 X HOJA; COLOR CUBIERTO COMPLETO BLANCO; PRESENTACION POR HOJA,PIEZA,UTILES DE ESCRITORIO Y OFICINA,ACTIVO
30204,,MICROPUNTA; PUNTA 0.7; COLOR TINTA ROJO PRESENTACION POR UNIDAD,PIEZA,UTILES DE ESCRITORIO Y OFICINA,ACTIVO
30205,,PLACA TOMACORRIENTE; NUMERO DE TOMAS 4; NORMA DE ENCHUFE NORMAL DE 20 A; MATERIAL PLÁSTICO; COLOR A ELECCIÓN,PIEZA,UTILES Y MATERIALES ELECTRICOS,ACTIVO
30206,,FASTENERS; CAPACIDAD MAX. HOJAS 200; NUMERO 2; PRESENTACION 50 X CAJA,CAJA,UTILES DE ESCRITORIO Y OFICINA,ACTIVO
30207,,MARCADOR; PUNTA REDONDA; TRAZO DELGADO; COLOR AZUL,PIEZA,UTILES DE ESCRITORIO Y OFICINA,ACTIVO
30208,,MARCADOR; PUNTA REDONDA; TRAZO DELGADO; COLOR ROJO,PIEZA,UTILES DE ESCRITORIO Y OFICINA,ACTIVO
30209,,TAMPO PARA SELLOS CON TINTA; MATERIAL METALICO; MEDIDAS 9 X 11 cms.; COLOR DE TINTA ROJA,PIEZA,UTILES DE ESCRITORIO Y OFICINA,ACTIVO
30210,,BANDEJA PORTAPAPELES; MATERIAL METALICO; TAMAÑO OFICIO; TIPO CON 3 PIEZAS CORREDIZAS; COLOR METALICO,PIEZA,UTILES DE ESCRITORIO Y OFICINA,ACTIVO
30211,,CALCULADORA DE ESCRITORIO; NUMERO DE DIGITOS 12; ALIMENTACION SOLAR Y PILAS; TAMAÑO MEDIANO,PIEZA,UTILES DE ESCRITORIO Y OFICINA,ACTIVO
30212,,FOCO BAJO CONSUMO; POTENCIA 42 W; TIPO DE LUZ BLANCA; VOLTAJE 220 VOLTS.; TIPO ROSCA NORMAL,PIEZA,UTILES Y MATERIALES ELECTRICOS,ACTIVO
30213,,FOCO BAJO CONSUMO; POTENCIA 36 W; TIPO DE LUZ BLANCA; VOLTAJE 220 Volts.; TIPO ROSCA NORMAL,PIEZA,UTILES Y MATERIALES ELECTRICOS,ACTIVO
30214,,GUANTES DE TRABAJO; MATERIAL LANA C/PALMA ENGOMADA C/PERFORACIONES DE RESPIRO; TALLA A ELECCION; PRESENTACION POR UNIDAD,PAR,PRENDAS DE VESTIR,ACTIVO
30215,,TINTA PARA TAMPO; COLOR ROJO; ENVASE FRASCO; CONTENIDO 24 ml.,FRASCO,UTILES DE ESCRITORIO Y OFICINA,ACTIVO
30216,,TINTA PARA TAMPO; COLOR AZUL; ENVASE FRASCO; CONTENIDO 24 ml.,FRASCO,UTILES DE ESCRITORIO Y OFICINA,ACTIVO
30217,,TINTA PARA TAMPO; COLOR NEGRO; ENVASE FRASCO; CONTENIDO 24 ml.,FRASCO,UTILES DE ESCRITORIO Y OFICINA,ACTIVO
30218,,PAPEL HIGIENICO; NUMERO DE HOJAS 2; COLOR BLANCO; TIPO EXTRA SUAVE,PIEZA,MATERIAL DE LIMPIEZA E HIGENE,ACTIVO
30219,,CINTA ADHESIVA; ANCHO 2 1/2 cms.; LARGO ROLLO 40 mts.; MATERIAL PAPEL; TIPO MASQUIN,ROLLO,UTILES DE ESCRITORIO Y OFICINA,ACTIVO
30220,,TONER PARA IMPRESORA; MODELO DE IMPRESORA HP LASERJET P4014N; COLOR TINTA NEGRO; SERIE CC364A,PIEZA,UTILES DE ESCRITORIO Y OFICINA,ACTIVO
30221,,TINTA PARA TAMPO; COLOR VERDE; ENVASE FRASCO; CONTENIDO 24 ML.,FRASCO,UTILES DE ESCRITORIO Y OFICINA,ACTIVO
30222,,FOLDERS; MATERIAL PLASTICO CON TAPA TRANSPARENTE; TAMAÑO CARTA; COLOR SURTIDO; CON FASTENER; PRESENTACION POR UNIDAD,PIEZA,UTILES DE ESCRITORIO Y OFICINA,ACTIVO
30223,,CASCO DE SEGURIDAD; CLASE CASCO DE SEGURIDAD; COLOR BLANCO; MATERIAL PLASTICO; NORMAS MSA; TIPO NORMAL; IMPACTO ALTO; PESO 395 grs.; SISTEMA DE SUSPE,PIEZA,PRODUCTOS DE MINERALES NO METALICOS Y PLASTICOS,ACTIVO
30224,,TONER PARA IMPRESORA; MODELO DE IMPRESORA HP LASER JET 1006; COLOR TINTA NEGRA; SERIE CB435A,PIEZA,UTILES DE ESCRITORIO Y OFICINA,ACTIVO
30225,,LIQUIDO PROTECTOR PARA SUPERFICIES; USO PARA VINILO; PRESENTACION FRASCO; ATOMIZADOR INCLUIDO,FRASCO,MATERIAL DE LIMPIEZA E HIGENE,ACTIVO
30226,,CINTA PARA EMBALAJE; MEDIDAS 48 mms.; COLOR TRANSPARENTE; MATERIAL POLIPROPILENO; LARGO 100 YARDAS,ROLLO,UTILES DE ESCRITORIO Y OFICINA,ACTIVO
30227,,LLANTA PARA AUTOMOTOR; MEDIDAS 205/ R16 8PR; HUELLA TODO TERRENO,PIEZA,LLANTAS Y NEUMATICOS,ACTIVO
30228,,TACOS POST IT; COLOR SURTIDO; DIMENSION 40 X 50 mms.; PRESENTACION BOLSA X 4 TACOS X 100 HOJAS,PIEZA,UTILES DE ESCRITORIO Y OFICINA,ACTIVO
30229,,"GRAPAS; MATERIAL METAL; NUMERO 23/10;
PRESENTACION PAQUETE X 10 CAJITAS",CAJA,UTILES DE ESCRITORIO Y OFICINA,ACTIVO
30230,,CAJA PARA CONECTOR RJ11; TIPO TELEFONICO CON CAJA SOBREPUESTA CON ADHESIVO; ACCESORIO CON ROSETA SIMPLE,PIEZA,UTILES Y MATERIALES ELECTRICOS,ACTIVO
30231,,TAMPO PARA SELLOS CON TINTA; MATERIAL PLASTICO; MEDIDAS 9 X 13 cms.; COLOR DE TINTA NO INCLUYE,PIEZA,UTILES DE ESCRITORIO Y OFICINA,ACTIVO
30232,,CHINCHES; NUMERO 9.5 mms.; COLOR DIFERENTES COLORES TIPO PLASTICO; PRESENTACION CAJA X 50 UNIDADES,CAJA,UTILES DE ESCRITORIO Y OFICINA,ACTIVO
30233,,PROTECTOR DE OREJAS; MATERIAL PLASTICO; TIPO SEGURIDAD,PIEZA,UTILES DE ESCRITORIO Y OFICINA,ACTIVO
30234,,TONER PARA IMPRESORA; MODELO DE IMPRESORA HP LASER JET P2055DN; COLOR TINTA NEGRA; SERIE CE505A,PIEZA,UTILES DE ESCRITORIO Y OFICINA,ACTIVO
30235,,TONER PARA IMPRESORA; MODELO DE IMPRESORA HP CP 2025 N; COLOR TINTA MAGENTA; SERIE CC533A,PIEZA,UTILES DE ESCRITORIO Y OFICINA,ACTIVO
30236,,TONER PARA IMPRESORA; MODELO DE IMPRESORA HP-CP 2025 N; COLOR TINTA AMARILLO; SERIE CC532A,PIEZA,UTILES DE ESCRITORIO Y OFICINA,ACTIVO
30237,,TONER PARA IMPRESORA; MODELO DE IMPRESORA HP-CP 2025 N; COLOR TINTA CYAN; SERIE CC531A,PIEZA,UTILES DE ESCRITORIO Y OFICINA,ACTIVO
30238,,TONER PARA IMPRESORA; MODELO DE IMPRESORA HP-CP 2025 N; COLOR TINTA NEGRO; SERIE CC530A,PIEZA,UTILES DE ESCRITORIO Y OFICINA,ACTIVO
30239,,DESINFECTANTE PARA SANITARIOS; CONTENIDO 900 ml.; ENVASE FRASCO,FRASCO,MATERIAL DE LIMPIEZA E HIGENE,ACTIVO
30240,,CABLE SERIAL; TIPO ADAPTADOR; CONECTORES DB9 A USB; PRESENTACION POR PIEZA,PIEZA,UTILES Y MATERIALES ELECTRICOS,ACTIVO
30241,,"PORTA CREDENCIAL; POR UNIDAD, CON SUJETADOR Y GANCHO; TIPO CINTA CON LOGOTIPO INSTITUCIONAL",PIEZA,UTILES DE ESCRITORIO Y OFICINA,ACTIVO
30242,,SOBRE; TIPO DE PAPEL MANILA; DOBLE CARTA,PIEZA,PAPEL,ACTIVO
30243,,SOBRE MEMBRETADO; TAMAÑO CARTA.; TIPO DE PAPEL MANILA.,PIEZA,PAPEL,ACTIVO
30244,,SOBRE MEMBRETADO; TAMAÑO OFICIO.; TIPO DE PAPEL MANILA.,PIEZA,PAPEL,ACTIVO
30245,,SOBRE; TIPO DE PAPEL MANILA; DOBRE OFICIO,PIEZA,PAPEL,ACTIVO
30246,,FRANELA PARA LIMPIEZA; MEDIDAS 0.35 X 0.35 mts.; PRESENTACION POR PIEZA,PIEZA,MATERIAL DE LIMPIEZA E HIGENE,ACTIVO
30247,,MARCADOR; PUNTA CINCELADA; TRAZO GRUESO mms.; COLOR AZUL; TIPO PERMANENTE,PIEZA,UTILES DE ESCRITORIO Y OFICINA,ACTIVO
30248,,ENGRAPADORA; CAPACIDAD 70 Hojas; TAMAÑO GRAPAS 26/6-24/6,PIEZA,UTILES DE ESCRITORIO Y OFICINA,ACTIVO
30249,,PORTACUBOS METALICO; TAMAÑO 9.5 X 9.5 X 5.4 cms.; CAPACIDAD 500 Hojas,PIEZA,UTILES DE ESCRITORIO Y OFICINA,ACTIVO
30250,,GEL LIMPIAMANO; PRESENTACION FRASCO DE 380 ml.,PIEZA,MATERIAL DE LIMPIEZA E HIGENE,ACTIVO
30251,,BANDERILLAS POST-IT; MEDIDA 1.2 X 4.5 cms.; COLOR SURTIDO; PRESENTACION PAQUETE DE 5 COLORES,PIEZA,UTILES DE ESCRITORIO Y OFICINA,ACTIVO
30252,,TINTA PARA PLOTTER; MODELO DEL PLOTTER HP DJ510; COLOR NEGRO; CODIGO DEL CARTUCHO HP 82 CH565A,PIEZA,UTILES DE ESCRITORIO Y OFICINA,ACTIVO
30253,,TINTA PARA PLOTTER; MODELO DEL PLOTTER HP DJ510; COLOR AMARILLO; CODIGO DEL CARTUCHO HP82 C4913A,PIEZA,UTILES DE ESCRITORIO Y OFICINA,ACTIVO
30254,,TINTA PARA PLOTTER; MODELO DEL PLOTTER HP DJ510; COLOR MAGENTA; CODIGO DEL CARTUCHO HP 82 C4912A,PIEZA,UTILES DE ESCRITORIO Y OFICINA,ACTIVO
30255,,TINTA PARA PLOTTER; MODELO DEL PLOTTER HP DJ510; COLOR CYAN; CODIGO DEL CARTUCHO HP82 C4911A,PIEZA,UTILES DE ESCRITORIO Y OFICINA,ACTIVO
30256,,CARTULINA; TIPO LISA; GRAMAJE 180 grs; COLOR SURTIDO; TAMAÑO OFICIO; PRESENTACION POR HOJA,HOJA,PAPEL,ACTIVO
30257,,TOALLA DE PAPEL; COLOR BLANCO; DIMENSION 21 X 22 cms.; PRESENTACION ROLLO,ROLLO,MATERIAL DE LIMPIEZA E HIGENE,ACTIVO
30258,,TONER PARA IMPRESORA; MODELO DE IMPRESORA LASET JET HP CP 1525 NW; COLOR TINTA NEGRO; SERIE CE 320A,PIEZA,UTILES DE ESCRITORIO Y OFICINA,ACTIVO
30259,,DISCO COMPACTO; CAPACIDAD 25 GB; TIPO BLU RAY,PIEZA,UTILES DE ESCRITORIO Y OFICINA,ACTIVO
30260,,TONER PARA IMPRESORA; MODELO DE IMPRESORA HP LASERT JET P1606DN; COLOR TINTA NEGRO; SERIE CE 278A,PIEZA,UTILES DE ESCRITORIO Y OFICINA,ACTIVO
30261,,TONER PARA IMPRESORA; MODELO DE IMPRESORA HP LASERJET P1102W; COLOR TINTA NEGRO; SERIE CE285A,PIEZA,UTILES DE ESCRITORIO Y OFICINA,ACTIVO
30262,,ARCHIVADOR DE PALANCA; MATERIAL CARTON PLASTIFICADO; TAMAÑO OFICIO BORDE METAL; LOMO ANCHO COLOR,PIEZA,UTILES DE ESCRITORIO Y OFICINA,ACTIVO
30263,,TONER PARA IMPRESORA; MODELO DE IMPRESORA HP LASERJET M401DN; COLOR TINTA NEGRO; SERIE CF280A,PIEZA,UTILES DE ESCRITORIO Y OFICINA,ACTIVO
30264,,TONER PARA IMPRESORA; MODELO DE IMPRESORA LASER JET PRO 400 COLOR M451; COLOR TINTA AMARILLO; SERIE CE 412A,PIEZA,UTILES DE ESCRITORIO Y OFICINA,ACTIVO
30265,,TONER PARA IMPRESORA; MODELO DE IMPRESORA LASER JET PRO 400 COLOR M 451; COLOR TINTA NEGRO; SERIE CE 410A,PIEZA,UTILES DE ESCRITORIO Y OFICINA,ACTIVO
30266,,TONER PARA IMPRESORA; MODELO DE IMPRESORA LASER JET PRO 400 COLOR M451; COLOR TINTA MAGENTA; SERIE CE 413A,PIEZA,UTILES DE ESCRITORIO Y OFICINA,ACTIVO
30267,,TONER PARA IMPRESORA; MODELO DE IMPRESORA LASE JET PROCOLOR M451; COLOR TINTA CYAN; SERIE CE 411A,PIEZA,UTILES DE ESCRITORIO Y OFICINA,ACTIVO
30268,,TONER PARA FOTOCOPIADORA; COLOR NEGRO; MODELO DE FOTOCOPIADORA CANON IR 2525; NUMERO DE SERIE GPR-34,PIEZA,UTILES DE ESCRITORIO Y OFICINA,ACTIVO
30269,,SOBRE MEMBRETADO; TAMAÑO CARTA; TIPO DE PAPEL MANILA pza,PIEZA,PRODUCTOS DE ARTES GRÁFICAS,ACTIVO
30270,,SOBRE MEMBRETADO; TAMAÑO OFICIO pza; TIPO DE PAPEL MANILA,PIEZA,PRODUCTOS DE ARTES GRÁFICAS,ACTIVO
30271,,PAPEL CARBONICO; FORMATO TAMAÑO OFICIO; PRESENTACION CAJA POR 100 HOJAS.,CAJA,UTILES DE ESCRITORIO Y OFICINA,ACTIVO
30272,,CABLE COAXIAL PARA RADIOCOMUNICACIONES; TIPO CONECTOR; PRESENTACION METRO,PIEZA,UTILES Y MATERIALES ELECTRICOS,ACTIVO
30273,,TONER PARA IMPRESORA; MODELO DE IMPRESORA PRO 400; COLOR TINTA NEGRO; SERIE CF410A,PIEZA,UTILES DE ESCRITORIO Y OFICINA,ACTIVO
30274,,TONER PARA IMPRESORA; MODELO DE IMPRESORA PRO400; COLOR TINTA CYAN; SERIE CF411A,PIEZA,UTILES DE ESCRITORIO Y OFICINA,ACTIVO
30275,,TONER PARA IMPRESORA; MODELO DE IMPRESORA PRO400; COLOR TINTA AMARILLO; SERIE CF412A,PIEZA,UTILES DE ESCRITORIO Y OFICINA,ACTIVO
30276,,TONER PARA IMPRESORA; MODELO DE IMPRESORA PRO400; COLOR TINTA MAGENTA; SERIE CF413A,PIEZA,UTILES DE ESCRITORIO Y OFICINA,ACTIVO
30277,,TONER PARA IMPRESORA; MODELO DE IMPRESORA LASERJET ENTERPRISE M-605; COLOR TINTA NEGRO; SERIE CF 281A,PIEZA,UTILES DE ESCRITORIO Y OFICINA,ACTIVO
30278,,LLANTA TUBULAR PARA AUTOMOTOR; MEDIDAS 245/70 R17 10PR; TODO TERRENO,PIEZA,LLANTAS Y NEUMATICOS,ACTIVO
30279,,PAPEL FOTOGRAFICO; RESOLUCION PARA IMPRESORA LASER; ESPESOR 120; TAMAÑO A-4; PRESENTACION POR HOJA,PIEZA,PAPEL,ACTIVO
30280,,TONER PARA IMPRESORA; MODELO DE IMPRESORA HP LASER JET 508 A; COLOR TINTA NEGRO; SERIE CF 360 A,PIEZA,UTILES DE ESCRITORIO Y OFICINA,ACTIVO
30281,,TONER PARA IMPRESORA; MODELO DE IMPRESORA HP LASER JET 508A; COLOR TINTA AMARILLO; SERIE CF 362 A,PIEZA,UTILES DE ESCRITORIO Y OFICINA,ACTIVO
30282,,TONER PARA IMPRESORA; MODELO DE IMPRESORA HP LASER JET 508 A; COLOR TINTA CYAN; SERIE CF 361 A,PIEZA,UTILES DE ESCRITORIO Y OFICINA,ACTIVO
30283,,TONER PARA IMPRESORA; MODELO DE IMPRESORA HP LASER JET 508 A; COLOR TINTA MAGENTA; SERIE CF 363 A,PIEZA,UTILES DE ESCRITORIO Y OFICINA,ACTIVO
30284,,PAPEL RECICLADO; PRESENTACION PAQUETE; TAMAÑO CARTA; GRAMAJE 75 grs.; COLOR BEIGE,PAQUETE,PAPEL,ACTIVO
30285,,PORTA CREDENCIAL; POR UNIDAD; TIPO PLASTICO RIGIDO; TIPO SOBRE; SENTIDO VERTICAL,PIEZA,PRODUCTOS DE MINERALES NO METALICOS Y PLASTICOS,ACTIVO
30286,,TONER PARA IMPRESORA; MODELO DE IMPRESORA HP LASERJET ENTERPRISE M651; COLOR TINTA MAGENTA; SERIE CF 333A,PIEZA,UTILES DE ESCRITORIO Y OFICINA,ACTIVO
30287,,TONER PARA IMPRESORA; MODELO DE IMPRESORA HP LASERJET ENTERPRISE M651; COLOR TINTA AMARILLO; SERIE CF 332A,PIEZA,UTILES DE ESCRITORIO Y OFICINA,ACTIVO
30288,,TONER PARA IMPRESORA; MODELO DE IMPRESORA HP LASERJET ENTERPRISE M651; COLOR TINTA CYAN; SERIE CF 331A,PIEZA,UTILES DE ESCRITORIO Y OFICINA,ACTIVO
30289,,FOCOS LED; TIPO TUBO; COLOR BLANCO; TENSION 220 Volts.,PIEZA,UTILES Y MATERIALES ELECTRICOS,ACTIVO
30290,,"TONER PARA IMPRESORA; MODELO DE IMPRESORA HP LASERJET PRO M402, MFP M426 pza; COLOR TINTA NEGRO; SERIE CF226A.",PIEZA,UTILES DE ESCRITORIO Y OFICINA,ACTIVO
30291,,FOCOS LED; TIPO ROSCA NORMAL; COLOR BLANCO; TENSION 220 VOLTIOS,PIEZA,UTILES Y MATERIALES ELECTRICOS,ACTIVO
30292,,TONER PARA IMPRESORA; MODELO DE IMPRESORA HP LASER JET ENTERPRISE M607DN; COLOR TINTA NEGRO; SERIE CF237A,PIEZA,UTILES DE ESCRITORIO Y OFICINA,ACTIVO
30293,,TONER PARA IMPRESORA; MODELO DE IMPRESORA HP LASERJET ENTREPRICE M561DN; COLOR TINTA NEGRO; SERIE CF-330X,PIEZA,UTILES DE ESCRITORIO Y OFICINA,ACTIVO
30294,,"CINTA PARA IMPRESORA TERMICA; MODELO DE IMPRESORA RIBBON; TIPO RESINA PARA CASCARA DE HUEVO; MEDIDA 2,5PLG DE ANCHO X 74MTS DE LARGO; COLOR NEGRO.",PIEZA,UTILES DE ESCRITORIO Y OFICINA,ACTIVO
30295,,BANDERILLAS POST-IT; MEDIDA .25.4 X 43.2 ml.; COLOR SURTIDO; PRESENTACION POR PIEZA,PIEZA,UTILES DE ESCRITORIO Y OFICINA,ACTIVO
30296,,CABLE HDMI; TIPO AUDIO Y VIDEO; PRESENTACION METRO,PIEZA,UTILES Y MATERIALES ELECTRICOS,ACTIVO
30297,,DISCO DURO; ESPECIFICACIONES TECNICAS INTERNO 480 GB,PIEZA,UTILES DE ESCRITORIO Y OFICINA,ACTIVO
331001,,"PITA DE AMARRE, MATERIAL ALGODON",OVILLO,"HILADOS, TELAS, FIBRAS Y ALGODON",ACTIVO
331002,,PITA DE AMARRE 100 GR,PIEZA,"HILADOS, TELAS, FIBRAS Y ALGODON",ACTIVO
332001,,"BANDERA DE SALON FONDO BOLIVIA CON FORRO, MEDIDAS 1.20 X 1.90 MTS., CON ESCUDO BORDADO, INCLUYE MASTIL Y BANDERA.",PIEZA,CONFECCIONES TEXTILES ,ACTIVO
332002,,"BANDERA WIPHALA DE SALON CON FORRO, MEDIDAS 1.50 X 1.50 MTS., INCLUYE MASTIL Y BASE.",PIEZA,CONFECCIONES TEXTILES ,ACTIVO
332003,,BOLSA DE YUTE COLOR AZUL,PIEZA,CONFECCIONES TEXTILES ,ACTIVO
334002,,BOTIN DE TRABAJO; COLOR CAFE; INTERIOR FRIZADO; MATERIAL CUERO; SUELA POLIURETANO COMPACTO; TALLA VARIADA; PLANTILLA CON; SIN PUNTERA DE ACERO,PAR,CALZADOS,ACTIVO
334003,,BOTAS DE GOMA; ACCESORIO SIN; COLOR A ELECCION; NUMERO VARIADOS; USO DE SEGURIDAD; PUNTERA NORMAL; CAÑA ALTA,PAR,CALZADOS,ACTIVO
334004,,PROTECTOR AUDITIVO; MATERIAL GOMA BLANDA; PRESENTACION CAJA PLASTICA; COLOR AZUL; ACCESORIO NO; ,PIEZA,PRODUCTOS DE CUERO Y CAUCHO,ACTIVO
334005,,BOTIN DE TRABAJO; COLOR CAFE; INTERIOR FRIZADO; MATERIAL CUERO; SUELA GOMA; TALLA 40; PLANTILLA CUERO; CON PUNTERA DE ACERO,PAR,CALZADOS,ACTIVO
341101,,GASOLINA ESPECIAL ,LITROS,"COMBUSTIBLES, LUBRICANTES Y DERIVADOS PARA CONSUMO",ACTIVO
346001,,CHAPA DE SOBREPONER TRAVEX,PIEZA,PRODUCTOS METALICOS,ACTIVO
346002,,CHAPA DE ESTACIÓN DE TRABAJO GABETERO,PIEZA,PRODUCTOS METALICOS,ACTIVO
346003,,ESPEJO CON MARCO DELGADO,PIEZA,PRODUCTOS DE MINERALES NO METALICOS Y PLASTICOS,ACTIVO
348001,,MARTILLO; AGARRE COMPUESTO PVC ESPUMOSO; MATERIAL DEL MANGO ACERO; PESO CABEZA 100 GR,PIEZA,HERRAMIENTAS MENORES,ACTIVO
394001,,BARBIJO; TIPO CIRUJIA; MATERIAL DESCARTABLE; CAJA DE 50 UNIDADES,CAJA,INSTRUMENTAL MENOR MEDICO - QUIRURGICO,ACTIVO
32100285,,"SOBRE DE PAPEL COLOR BLANCO, TAMAÑO ESQUELA ",PIEZA,PAPEL,ACTIVO
32100286,,"CARTULINA HILADA, TAMAÑO CARTA, COLOR CREMA ",HOJA,PAPEL,ACTIVO
32100287,,PAPEL KRAFT; 1256R; 102 X 160CM,LAMINA,PAPEL,ACTIVO
32100288,,"CARTULINA HILADA, TAMAÑO OFICIO, COLOR CREMA",PIEZA,PAPEL,ACTIVO
32200271,,"CAJA HERMETICA FUNCIONAL DE CARTON, PARA EL ARCHIVO, 40 CM. DE LARGO X 26 CM DE ANCHO X 16.5 CM. DE ALTO",PIEZA,PRODUCTOS DE ARTES GRÁFICAS,ACTIVO
33300215,,"PARKA; TIPO DE TELA IMPERMEABLE; TALLA VARIAS; ACCESORIOS GORRA, COLOR AZUL MARINO, 1 CAPA DE FIBRA MICROPOLAR, TRIPLE COSTURA REFORZADA, 5 BOLSILLOS, LOGOTIPO INSTITUCIONAL",PIEZA,PRENDAS DE VESTIR,ACTIVO
33300216,,"CHALECO; MATERIAL TRABAJO; KAKI 1RA; COLOR PLOMO, 1 CAPA DE FIBRA MICROPOLAR COLOR ROJO, CUELLO ALTO, CON TAPA CIERRE Y 3 BOTONES A PRESION, CINTA REFLECTIVA 3M DE 2 PULGADAS ES ESPALDA Y PECHO, 6 BOLSILLOS, LOGOTIPO INSITUCIONAL SERIGRAFIADO",PIEZA,PRENDAS DE VESTIR,ACTIVO
33300217,,"GUANTES DE TRABAJO; MATERIAL GOMA ENFRISADO POR DENTRO; TALLA ESTANDAR; CAÑA CORTA, NITRILO LAVABLE, RESISTENCIA A MATERIALES ABRASIVOS, CORTE Y PERFORACION, PROTECCION CONTRA CHISPAS",PAR,PRENDAS DE VESTIR,ACTIVO
33300218,,"CINTURON DE SEGURIDAD; MATERIAL CUERO; CON PASADORES DE CUERO, UNA ARGOLLA DE ACERO, CONFECCIONADO CON SOTURAS DE HILO DE CONTRASTE PARA UNA APROPIADA MANTENCION",PIEZA,PRENDAS DE VESTIR,ACTIVO
33300219,,"CHALECO; MATERIAL TASLAM, COLOR AZUL CON BEIGE, FORRO INTERIOR DE TELA MICROPOLAR COLOR PLOMO MARENGO, TRIPLE Y DOBRE COSTURA REFORZADA, CIERRE DE PLASTICO DE PRIMERA CALIDAD, AJUSTE LATERAL REGULABLE, 8 BOLSILLOS,",PIEZA,PRENDAS DE VESTIR,ACTIVO
33300220,,"RESPIRADOR; MATERIAL PLASTICO; N° DE FILTROS 2 PARA GASES QUIMICOS ORGANICOS E INORGANICOS; PROTECTOR RESPIRATORIO DE DOBLE VIA, VALVULA COOL FLOW, ARNES DE BANDAS ELASTICA",PIEZA,PRENDAS DE VESTIR,ACTIVO
33300221,,"GUANTES DE TRABAJO; MATERIAL ALGODON - HULE; TALLA ESTANDAR; FORRO INTERIOR SIN COSTURA Y TRANSPIRABLE, PROTECCION CONTRA RIESGO MEDIO DE CORTES",PAR,PRENDAS DE VESTIR,ACTIVO
33300222,,"GUARDAPOLVO; DESTINO VARON; TELA KAKI DE PRIMERA, COLOR AZUL MARINO, CONTRES BOLSILLOS, COSTURAS DE SEGURIDAD",PIEZA,PRENDAS DE VESTIR,ACTIVO
33300223,,"CHALECO; MATERIAL TELA KAQUI; FORRO MICROPOLAR, COSTURAS DE SEGURIDAD CON ATRAQUES, COLOR AZUL MARINO",PIEZA,PRENDAS DE VESTIR,ACTIVO
33300224,,GUANTES DE TRABAJO; MATERIAL CUERO; TALLA GRANDE,PAR,PRENDAS DE VESTIR,ACTIVO
33300225,,"OVEROL; TIPO DE PILOTO; TELA KAKI DE PRIMERA CALIDAD, COLOR AZUL MARINO, CINTA REFLECTIVA DE 1 PULGADA EN ESPALDA Y PECHO, 8 BOLSILLOS, CIEERE METALICO DE PRIMERA CALIDAD, LOGOTIPO INSTITUCIONAL SUBLIMADO",PIEZA,PRENDAS DE VESTIR,ACTIVO
34200138,,PINTURA SPRAY COBRE METALICO 006,PIEZA,PRODUCTOS QUIMICOS Y FARMACEUTICOS,ACTIVO
34200139,,PINTURA SPRAY GOLD PAINT METALICO 2595,PIEZA,PRODUCTOS QUIMICOS Y FARMACEUTICOS,ACTIVO
34200140,,PINTURA SPRAY BRIGHT CHORME METALICO 318,PIEZA,PRODUCTOS QUIMICOS Y FARMACEUTICOS,ACTIVO
34200141,,POLVO QUIMICO ABC PARA EXTINTORES,KG,PRODUCTOS QUIMICOS Y FARMACEUTICOS,ACTIVO
34200142,,POLVO QUIMICO ABC PARA EXTINTORES,KG,PRODUCTOS QUIMICOS Y FARMACEUTICOS,ACTIVO
34200143,,SILICONA EN TUBO,PIEZA,OTROS MATERIALES Y SUMINISTROS,ACTIVO
34500286,,CASCO DE SEGURIDAD; CLASE PERSONAL; COLOR A ELECCION; MATERIAL FIBRA DE VIDRIO,PIEZA,PRODUCTOS DE MINERALES NO METALICOS Y PLASTICOS,ACTIVO
34500287,,"PORTA CREDENCIAL PLASTICO DURO, TRANSPARENTE, TIPO SOBRE",PIEZA,PRODUCTOS DE MINERALES NO METALICOS Y PLASTICOS,ACTIVO
34500288,,"TARJETAS DE PVC, COLOR BLANCO PARA IMPRESION TERMICA CR80/,30",PIEZA,PRODUCTOS DE MINERALES NO METALICOS Y PLASTICOS,ACTIVO
34500289,,TARJETAS PVS EN BLANCO ALTO 8.5 ANCHO 5.5,PIEZA,PRODUCTOS DE MINERALES NO METALICOS Y PLASTICOS,ACTIVO
34500290,,"PLASTOFORMO; PRESENTACION EN HOJAS 1M X 50CM X 2""",PIEZA,PRODUCTOS QUIMICOS Y FARMACEUTICOS,ACTIVO
39100258,,DESINFECTANTE PARA SANITARIOS; CONTENIDO 5 ltrs.; ENVASE BIDON,PIEZA,MATERIAL DE LIMPIEZA E HIGENE,ACTIVO
39100259,,GUANTES PARA LIMPIEZA; MATERIAL LATEX; COLOR CREMA; TAMAÑO LARGO;PRESENTACION CAJA DE 100 UNIDAD,CAJA,MATERIAL DE LIMPIEZA E HIGENE,ACTIVO
39100260,,FRANELA PARA LIMPIEZA; MEDIDAS 1 X 1 MTS.; PRESENTACION POR METRO,PIEZA,MATERIAL DE LIMPIEZA E HIGENE,ACTIVO
39100261,,"GUANTES DE NITRILO COLOR NEGRO, CAJA DE 100 UNIDADES TALLA M",CAJA,MATERIAL DE LIMPIEZA E HIGENE,ACTIVO
39100262,,DESINFECTANTE EN SPRAY,PIEZA,MATERIAL DE LIMPIEZA E HIGENE,ACTIVO
39500298,,"CINTA PARA IMPRESIÓN TERMICA DE TARJETAS PVC, MARCA ZEBRA MODELO: ZC300 CAPACIDAD: 200 IMPRESIONES COLOR + PERLADO YMCPKO",PIEZA,UTILES DE ESCRITORIO Y OFICINA,ACTIVO
39500299,,SELLO AUTOMATICO FECHADOR REDONDO,PIEZA,UTILES DE ESCRITORIO Y OFICINA,ACTIVO
39500300,,"SELLO AUTOMATICO DE 37 X 76 MM, CON TAMPO ROJO",PIEZA,UTILES DE ESCRITORIO Y OFICINA,ACTIVO
39500301,,SELLO AUTOMATICO VoBo,PIEZA,UTILES DE ESCRITORIO Y OFICINA,ACTIVO
39500302,,"FOLDER TAMAÑO OFICIO, MATERIAL CARTULINA, COLOR ROJO",PIEZA,UTILES DE ESCRITORIO Y OFICINA,ACTIVO
39500303,,	TONER PARA IMPRESORA; MODELO DE IMPRESORA HP LASER JET 4250N; COLOR TINTA NEGRO; SERIE Q5942A,PIEZA,UTILES DE ESCRITORIO Y OFICINA,ACTIVO
39500304,,TONNER PARA IMPRESORA; MODELO DE IMPRESORA LASER JET PRO 400 COLOR M451; COLOR TINTA NEGRO; SERIE C410A,PIEZA,UTILES DE ESCRITORIO Y OFICINA,ACTIVO
39500305,,TINTA PARA PLUMAFUENTE ,PIEZA,UTILES DE ESCRITORIO Y OFICINA,ACTIVO
39500306,,SELLO AUTOMATICO FACSIMIL,PIEZA,UTILES DE ESCRITORIO Y OFICINA,ACTIVO
39500307,,"LANDYARD PERSONALIZADO LONGITUD 1 METRO, ANCHO DE LA CINTA 1,5 CM CON MOSQUETON, SUBLIMADO FULL COLOR ANVERSO Y REVERSO DE LA CINTA",PIEZA,UTILES DE ESCRITORIO Y OFICINA,ACTIVO
39500308,,CLIP DE 78 MM; MATERIAL METALICO; PUNTA REDONDA ; CAJA DE 50 UNIDADES,CAJA,UTILES DE ESCRITORIO Y OFICINA,ACTIVO
39500309,,ACCS.COMP USB 64GB FLASH,PIEZA,UTILES DE ESCRITORIO Y OFICINA,ACTIVO
39500310,,TAMPO PARA SELLOS; MATERIAL PLASTICO; MEDIDA PARA SELLO AUTOMATICO V°B°,PIEZA,UTILES DE ESCRITORIO Y OFICINA,ACTIVO
39700297,,CABLE PLANO PARA TELEFONIA; NUMERO DE CONDUCTORES 4; PRESENTACION POR METRO,METRO,UTILES Y MATERIALES ELECTRICOS,ACTIVO
39700298,,CABLE PARA ELECTRICIDAD; NUMERO 12; PRESENTACION POR METRO,METRO,UTILES Y MATERIALES ELECTRICOS,ACTIVO
39700299,,CABLE UTP; TIPO 4 PARES; CATEGORIA 5; CUBIERTA PVC; PRESENTACION ROLLO 300 MTS.,ROLLO,UTILES Y MATERIALES ELECTRICOS,ACTIVO
39700300,,CONECTOR RJ 45; PRESENTACION POR UNIDAD,CAJA,UTILES Y MATERIALES ELECTRICOS,ACTIVO
39700301,,CABLEDUCTO ELECTRICO; LARGO 2 MTS.; ESPESOR 20 MMS.; ALTO 10 MMS.; MATERIAL PLASTICO,PIEZA,UTILES Y MATERIALES ELECTRICOS,ACTIVO
39700302,,ENCHUFE; TIPO CLAVIJA; AMPERAJE 15 Amp,PIEZA,UTILES Y MATERIALES ELECTRICOS,ACTIVO
39700303,,PILA 2016 PARA LLAVE DE VEHICULO,PIEZA,UTILES Y MATERIALES ELECTRICOS,ACTIVO
39700304,,TIMBRE INHALAMBRICO SIMPLE ,PIEZA,UTILES Y MATERIALES ELECTRICOS,ACTIVO
39700305,,REFLECTOR LED  DE 100W,PIEZA,UTILES Y MATERIALES ELECTRICOS,ACTIVO
39700306,,DUCHA DE 4 TEMPERATURAS,PIEZA,UTILES Y MATERIALES ELECTRICOS,ACTIVO
39700307,,PILA 1632 PARA LLAVE DE VEHICULO,PIEZA,UTILES Y MATERIALES ELECTRICOS,ACTIVO
39700308,,CABLE DE TVAD DE ALTA VELOCIDAD,PIEZA,UTILES Y MATERIALES ELECTRICOS,ACTIVO
39700309,,DICROICO LED DE 50W,PIEZA,UTILES Y MATERIALES ELECTRICOS,ACTIVO
39800169,,"BATERIA RECARGABLE; USO UPS; BATERIA VUELO (MAVIC 2 PRO/ZOOM) CP.MA.00000038.01: 31 MIN DE VUELO: 3850 MAH, 59.29 WH, 15.4 V",PIEZA,OTROS REPUESTOS Y ACCESORIOS,ACTIVO
39800170,,REPUESTO Y/O ACCESORIO PARA EQUIPO TOPOGRAFICO; TIPO ADAPTADOR COMPACTO PARA USO TOPOGRAFICO; CONTROL RC1B (MAVIC 2 PRO/ZOOM); OCUSYNC 2.0; DISTANCIA MAXIMA 8KM; 2.4 GHZ Y 5.8 GHZ,PIEZA,OTROS REPUESTOS Y ACCESORIOS,ACTIVO
39800171,,TARJETA MICROSD DE ALTA CAPACIDAD - MEMORIA SANDISK 512 GB,PIEZA,OTROS REPUESTOS Y ACCESORIOS,ACTIVO
39800172,,ADAPTADOR DE HDMI,PIEZA,OTROS REPUESTOS Y ACCESORIOS,ACTIVO
39800173,,TARJETA MICROSD DE ALTA CAPACIDAD - MEMORIA EVOPLUS 256 GB,PIEZA,OTROS REPUESTOS Y ACCESORIOS,ACTIVO
39800174,,TRIPODE,PIEZA,OTROS REPUESTOS Y ACCESORIOS,ACTIVO
39800175,,CHAPA DE PUERTA  VIDRIO TEMPLADO,PIEZA,OTROS REPUESTOS Y ACCESORIOS,ACTIVO
39800176,,CHAPA PEQUEÑA DE VITRINA,PIEZA,OTROS REPUESTOS Y ACCESORIOS,ACTIVO
39800177,,CANDADO MEDIANO,PIEZA,OTROS REPUESTOS Y ACCESORIOS,ACTIVO
39800178,,PIEZAS REPUESTOS DE CARRITO DE CARGA,PIEZA,OTROS REPUESTOS Y ACCESORIOS,ACTIVO
39800179,,CONTROL REMOTO UNIVERSAL PARA TELEVISOR,PIEZA,OTROS REPUESTOS Y ACCESORIOS,ACTIVO
39800180,,BATERIA 12V. 75AH LIBRE DE MANTENIMEINTO,PIEZA,OTROS REPUESTOS Y ACCESORIOS,ACTIVO
